IDClient,Prenom,Nom,Region,TypeClient
1,André,Traore,Ouest,Premium
2,Patrick,Hubert,Nord,Premium
3,Nathalie,Henry,Nord,Standard
4,Emmanuel,Maury,Est,Standard
5,Arthur,Martinez,Est,Standard
6,Martin,Rey,Est,Standard
7,Josette,Michel,Est,Premium
8,Louis,Auger,Sud,Premium
9,Astrid,Vasseur,Ouest,Premium
10,Jacqueline,Lopes,Ouest,Standard
11,Patricia,Leroux,Nord,Standard
12,Zacharie,Lopes,Ouest,Standard
13,Martin,Ledoux,Nord,Standard
14,François,Morin,Est,Standard
15,Étienne,Pelletier,Nord,Standard
16,Josette,Aubry,Est,Premium
17,Nathalie,Jacques,Sud,Premium
18,Gérard,Hoareau,Est,Premium
19,Françoise,Cousin,Ouest,Premium
20,Hortense,Olivier,Sud,Standard
21,Benjamin,Peltier,Nord,Standard
22,Pénélope,Charpentier,Sud,Standard
23,Dominique,Rey,Est,Premium
24,Alex,Lopes,Ouest,Standard
25,Luce,Marchal,Ouest,Standard
26,Alexandrie,Monnier,Est,Premium
27,Marguerite,Da Costa,Sud,Standard
28,Julie,Bousquet,Nord,Standard
29,Élisabeth,Chauveau,Est,Standard
30,Isaac,Pinto,Sud,Standard
31,Richard,Riou,Est,Standard
32,Matthieu,Pottier,Nord,Standard
33,Zoé,Lecoq,Est,Premium
34,Michel,David,Est,Standard
35,Andrée,Royer,Nord,Standard
36,Marcel,Duhamel,Ouest,Premium
37,Marcel,Bègue,Sud,Standard
38,Anastasie,Weiss,Sud,Premium
39,Guy,Aubry,Est,Standard
40,Paul,Vallet,Nord,Standard
41,Élise,Charles,Nord,Standard
42,Aurélie,Guillon,Nord,Premium
43,Agnès,Vasseur,Nord,Premium
44,Danielle,Teixeira,Nord,Standard
45,Olivie,Rousseau,Nord,Premium
46,Honoré,Techer,Sud,Standard
47,Sophie,Bazin,Nord,Standard
48,Jeannine,Andre,Nord,Premium
49,Alex,Godard,Sud,Standard
50,Éléonore,Deschamps,Sud,Standard
51,Alain,Bazin,Est,Standard
52,Maggie,Regnier,Est,Standard
53,Pauline,Clerc,Est,Standard
54,Frédéric,Cousin,Ouest,Standard
55,Hugues,De Sousa,Est,Premium
56,Michelle,Fouquet,Ouest,Standard
57,Constance,Ledoux,Ouest,Standard
58,Corinne,Gautier,Ouest,Standard
59,Zoé,Riou,Est,Premium
60,Julie,Philippe,Ouest,Premium
61,Alix,Ledoux,Est,Standard
62,Élodie,Merle,Nord,Premium
63,Adrien,Joseph,Sud,Standard
64,Claudine,Moreau,Est,Standard
65,Agnès,Le Gall,Est,Standard
66,Bertrand,Guillot,Nord,Standard
67,Édouard,Clément,Ouest,Premium
68,Sylvie,Muller,Sud,Standard
69,Pauline,Marchand,Ouest,Standard
70,Margaux,Ollivier,Nord,Standard
71,Jacques,Aubry,Nord,Premium
72,Julie,Briand,Nord,Premium
73,Élodie,Faivre,Ouest,Premium
74,Michèle,Langlois,Est,Standard
75,Marguerite,Delahaye,Sud,Premium
76,Brigitte,Blondel,Sud,Premium
77,Georges,Hoarau,Est,Standard
78,Christophe,Maillot,Sud,Premium
79,Jacqueline,Lenoir,Nord,Standard
80,Jacqueline,Vasseur,Sud,Standard
81,David,Neveu,Sud,Premium
82,Michel,Mercier,Sud,Premium
83,Vincent,Guérin,Est,Standard
84,Noël,Lopes,Ouest,Standard
85,Marcel,Gimenez,Nord,Standard
86,Monique,Masse,Nord,Standard
87,Christelle,Berger,Sud,Standard
88,Susan,Cordier,Nord,Standard
89,Étienne,Pereira,Sud,Standard
90,Adrienne,Briand,Nord,Standard
91,Chantal,Chauveau,Nord,Standard
92,Margot,Guibert,Sud,Standard
93,Charles,Antoine,Est,Premium
94,Susanne,Nicolas,Sud,Standard
95,Léon,Aubert,Nord,Standard
96,Caroline,Joly,Nord,Premium
97,Jules,Lopes,Est,Standard
98,Paul,Sanchez,Ouest,Premium
99,Susan,Dias,Ouest,Standard
100,Benoît,Gilles,Ouest,Standard
